{
    "privileges": [
        {
            "database": "lyx",
            "rights": [
                "all privileges"
            ],
            "table": "course"
        },
        {
            "database": "lyx",
            "rights": [
                "all privileges"
            ],
            "table": "dept"
        },
        {
            "database": "lyx",
            "rights": [
                "all privileges"
            ],
            "table": "emp"
        },
        {
            "database": "xxy",
            "rights": [
                "all privileges"
            ],
            "table": "sc"
        },
        {
            "database": "xxy",
            "rights": [
                "all privileges"
            ],
            "table": "student"
        }
    ],
    "username": "lyx"
}
